"Status","Start Time","Stop Time","Duration in ms","Parent Suite","Suite","Sub Suite","Test Class","Test Method","Name","Description"
"failed","Wed Sep 30 21:30:34 UTC 2026","Wed Sep 30 21:30:34 UTC 2026","580","Phoenix API Test Suite","Inwarranty Flow Test","com.api.tests.CreateJobAPITest","com.api.tests.CreateJobAPITest","createJobAPITest","Verifying if FD is able to use create job api and Inwarranty job is created","Verifying if FD is able to use create job api and Inwarranty job is created"
"passed","Wed Sep 30 21:30:30 UTC 2026","Wed Sep 30 21:30:31 UTC 2026","586","Phoenix API Test Suite","Inwarranty Flow Test","com.api.tests.CountAPITest","com.api.tests.CountAPITest","verifyCountAPIResponse","Verifying if count api is giving correct response","Verifying if count api is giving correct response"
"passed","Wed Sep 30 21:30:28 UTC 2026","Wed Sep 30 21:30:29 UTC 2026","1097","Phoenix API Test Suite","Inwarranty Flow Test","com.api.tests.UserDetailsAPITest","com.api.tests.UserDetailsAPITest","userDetailsAPITest","Verify if the Userdetails API response is shown correctly","Verify if the Userdetails API response if shown correctly"
"passed","Wed Sep 30 21:30:32 UTC 2026","Wed Sep 30 21:30:33 UTC 2026","474","Phoenix API Test Suite","Inwarranty Flow Test","com.api.tests.MasterAPITest","com.api.tests.MasterAPITest","invalidTokenMasterAPITest","Verifying if master api is giving correct status code for invalid token",""
"passed","Wed Sep 30 21:30:33 UTC 2026","Wed Sep 30 21:30:34 UTC 2026","675","Phoenix API Test Suite","Inwarranty Flow Test","com.api.tests.MasterAPITest","com.api.tests.MasterAPITest","masterAPITest","Verifying if master api is giving correct response","Verifying if master api is giving correct response"
"failed","Wed Sep 30 21:30:31 UTC 2026","Wed Sep 30 21:30:32 UTC 2026","1758","Phoenix API Test Suite","Inwarranty Flow Test","com.api.tests.DetailsAPITest","com.api.tests.DetailsAPITest","detailsAPITest","Verify if Details API is working properly","Verify if Details API is working properly"
"broken","Wed Sep 30 21:30:34 UTC 2026","Wed Sep 30 21:30:35 UTC 2026","598","Phoenix API Test Suite","Inwarranty Flow Test","com.api.tests.CreateJobAPITestwithFakerData","com.api.tests.CreateJobAPITestwithFakerData","createJobAPITest","Verifying if create job api is able to create inwarranty job",""
"failed","Wed Sep 30 21:30:35 UTC 2026","Wed Sep 30 21:30:35 UTC 2026","525","Phoenix API Test Suite","Inwarranty Flow Test","com.api.tests.CreateJobAPIWithDBValidationTest","com.api.tests.CreateJobAPIWithDBValidationTest","createJobAPITest","Verifying if create job api is able to create inwarranty job",""
"failed","Wed Sep 30 21:30:35 UTC 2026","Wed Sep 30 21:30:36 UTC 2026","511","Phoenix API Test Suite","Inwarranty Flow Test","com.api.tests.CreateJobAPIWithDBValidationWithResponseModelTest","com.api.tests.CreateJobAPIWithDBValidationWithResponseModelTest","createJobAPITest","Verifying if create job api is able to create inwarranty job",""
"passed","Wed Sep 30 21:30:29 UTC 2026","Wed Sep 30 21:30:30 UTC 2026","613","Phoenix API Test Suite","Inwarranty Flow Test","com.api.tests.CountAPITest","com.api.tests.CountAPITest","countAPITest_MissingAuthToken","Verifying if count api is giving correct status code for invalid token",""
"passed","Wed Sep 30 21:30:24 UTC 2026","Wed Sep 30 21:30:28 UTC 2026","3923","Phoenix API Test Suite","Inwarranty Flow Test","com.api.tests.LoginAPITest","com.api.tests.LoginAPITest","loginAPITest","Verifying if login api is working for FD user","Verify if FD User is able to login via api"
